Text,Toxicity
thank you,8.900988101959229
hey there,7.190707325935364
love is a very strong thing,7.6906003057956696
my sweetheart,1.6980251297354698
did I love you so much,5.644902586936951
you know what it's okay,7.775324583053589
it's right now what is it why are you guys I love you even more  than myself I love you more than you thank you,8.25556069612503
my love for English my love for you is pure  it is very clear I love you so much even if  ,3.589095175266266
we are the marketplace we are the judge I will  continue to preach the Lord it's so special,6.396108865737915
we have used to kiss each other,0.5587361752986908
coming to still kissing from my  daughter eh or twin people of these days  ,0.3107652999460697
we say you you will come home kissing in public you're not leaving  anything for the man who will marry you,0.5446249153465033
others now good afternoon sir what  is good about the afternoon tell me,8.611714094877243
your mouth is open like a suit what is  good about the afternoon tell me you know  ,0.05197843420319259
I was just passing as I saw you the way  you understand I don't want you to watch I  ,0.9433761239051819
understand since you came here if you're not the  talking correctly you have you been talking like  ,4.89138700067997
a man who wants to get mad do you want to get mad  and I decided to stop and talk to you because you  ,0.08226435747928917
are my father's best friend and I don't want you  to be hot because your daughter and her friend  ,0.16931705176830292
their lovers and that knows them so you  trying to do all this you want yourself  ,0.2764190314337611
okay so you pitched them together they become  lovers closer those who are not husband and  ,3.4483134746551514
married and and wife you are pitching  them together because you are one of the   causes of the problem I'm having in my family  knows when the evidence is there eh hey sorry,0.3386174561455846
people are funny these days this man  should have gone to his business yeah,2.909938618540764
if I look at her critically I can see  and when inside her muffin and coming  ,2.620358392596245
out to to intervene in the Affairs not his  own eh do you know you look like everyone  ,0.6297574378550053
on the other hand he looks like monkey even  the header you come that's where monkeys kiss  ,0.06560382898896933
their heads are you from the ancestry of  monkey now I'm asking you you can ask me,0.0984645914286375
I'm talking to you I'm truly not feeling fine no what do you  think I'll lie about something like that  ,6.803269684314728
I don't lie about my health now I'm  very very sick how will I believe you  ,0.28624641709029675
when they give you heartstroke immediately  become sick I'm telling you this because,0.12248462298884988
one day you will get married and you'll be you  now know that I'm doing you good I'm giving  ,0.9123681113123894
you time for you to change and become a  better person come back to your senses,0.42896741069853306
why are you always like this why are you touching me mama you're not saying  anything no she like going out to do other  ,0.4048120230436325
people's house choice but she does not like doing  house choice in the house say mama for how long,6.445169448852539
mama I said I see me like this I will join sister  team since is this how this one want to diabet  ,0.1898192334920168
okay let's say I go say when there are washing  plate and doing the answers we are fools mama   is not fair ah no it's not fair both of you  should calm down I know what I'm doing please,0.249666185118258
music don't worry don't worry I know  what to do you think you think  ,3.7726707756519318
you can talk to me right you're  always think you can talk to me,7.111667096614838
I don't understand it you you'll be in the  house either sister like you want us to be   washing plate you will form sickness and go  out and then come on so it's me your target,0.2329471753910184
everybody yeah,7.234464585781097
listening to what I'm saying did anybody beat you mean,4.626670479774475
what did you do to him and why you  know about most killed me again today  ,0.4446333274245262
almost killed you but he didn't  kill him at the end of the day right  ,0.5018725525587797
stop being funny she said almost we are saying  the same thing almost you said almost she said  ,1.2604217045009136
almost I said almost you say almost almost now  come let me ask you beauty are you not tired of  ,0.6420169491320848
your father every day one trouble are you not  tired look if you are not tired me I'm tired,0.10645226575434208
as long as he lives I can never be  happy I don't know why papa is doing   all this to me I don't know I don't  understand what does he mean by that  ,1.7909599468111992
huh you need to talk to this your husband the  way he's taking this thing is not good at all  ,0.11892695911228657
ah thank God my husband is your father  so you two talk to your father are you  ,1.1657866649329662
hearing me but but let me ask you why don't  you want to listen to your father oh don't,0.20535413641482592
look at that doesn't even confused I never  confused I don't understand Papa one thing I  ,6.720829755067825
will tell you Over My Dead Body will I marry  any other man if I don't marry my obim if I  ,0.3675550688058138
don't marry a kid I will not buy any other  man no mama I'm saying my own you to try and  ,0.11455588974058628
listen to your father's warning what did you  even see in that time listen to your father   a flight that refused to hit to advice always  end up in the grave ah what's your problem but,0.08145874598994851
why is your father not worried about her  wedding how well that is even your elder sister  ,0.4218232352286577
or is he enjoying your single Hood  every time it's beauty beauty beauty   beauty is he okay or is there anything  he's getting from your single root,3.3597342669963837
I don't understand,3.966670110821724
because I'm not a lover girl like some people yeah   you're not even ashamed of yourself  look at what you're saying at your age,0.11598920682445168
until you know that it's like the morning he  talks about them punish them disgrace them  ,0.2719445852562785
the more their love grows stronger so I will  leave them alone you talk to your father you  ,1.3162926770746708
have to talk to your father even should leave me  alone the father will say talk to your children   you will say talk to your husband everybody  talk to your father ah what is your problem  ,0.14441050589084625
I wish I can just turn myself to a young  girl and go back to my father's house this   trouble is too much hey you want to talk to  a young girl yes my father will still marry  ,0.7795273791998625
you I'll just go about this brother used to  carry somebody's breasts up like this again,0.10349132353439927
and I'll dye my hair again,0.20632524974644184
you see what I saw today see all those  things you need to show in Nollywood movies,6.012873724102974
come down first now come now hear what I want to  tell you guys eh oh really where is your father,0.19101585494354367
you know I like your father  very much like drama hmm,3.135690465569496
say something open up and say it and stop  beating about the bush stop wasting our time  ,0.1375438878312707
it's okay what I wanted to say is very very simple  ahem Ella today I was just working on my own when  ,9.903491288423538
I saw him they were teaching each other and touch  it and then he got to the point I busted them  ,0.3068114398047328
he insulted and insulted he was just  calling them all sorts of blue wow,0.19591967575252056
more than I wish over and over,6.9994620978832245
here is your father acting like he's always,0.06779933464713395
that's why I'm here to advise  you please talk to him before he   will enjoy himself or even kill  someone in this Village please,0.6821273360401392
hey,4.306505620479584
what have I done to deserve what you're doing  to me eh each time I put corrective measure  ,0.7013518828898668
you you leveled me a bad man be a bad man  but whatever I do for you yeah I'm asking you,0.27534598484635353
please please this girl she's been  kneeling Under the Sun for over 30 minutes  ,8.12637060880661
please that is worrying you or for her to  come out of that kind of behavior or for  ,2.10953988134861
her to come out from this illicit Association  this never do well she is associating with  ,0.1615531393326819
isn't that bothering you I'm asking you no I  didn't say anything wrong I'm only asking you  ,5.433164909482002
to forgive her that's all if you played your place  for a good cause I'm not for plead for this hour  ,5.712395161390305
darling daughter to continue with that boy okay  what have you seen in that voice what does he have,4.551961272954941
that kind of a person can be smoking ebook   and affect our daughter with smoking Igbo so maybe  some days if our girl returns from somewhere we  ,0.34827361814677715
perceived smell of people will that be the end  result is it not showing our effort in vain huh,0.10468849213793874
but I didn't do anything wrong Papa,4.376973211765289
you're calling me a fool that he didn't do  anything we observe you've been doing something  ,0.08374801254831254
wrong as our daughter and we are trying to get you  out of it that Quagmire you're saying is indulated  ,0.2607295289635658
that that means the way  where we are foolish people you're compounding the assessment that you're  not your child well you are doing what a child  ,0.032945265411399305
should not do eh okay all your mess are married  if they are married you want to rush marriage  ,0.1592359389178455
and meet Waterloo and meet somebody who who can  bring up a case that police will come and arrest  ,2.0234789699316025
him arrest you you see you see how your argument  is going we wrap stuff for any intelligence eh,0.4068638663738966
you see you what what what do you  want me to do I have lamented enough  ,0.30170916579663754
I've been pained enough because of the  attitude can you come out from this point,7.0962972939014435
the way you act towards me even though he's  asking you don't want me to get married in  ,1.5212109312415123
this life but why doesn't you hate me so much  Papa and I don't even know why but why do you  ,0.22622402757406235
face me it is the case because I love you I don't  hurt you in the course of loving you I want you to  ,0.7329522632062435
also go to a man who truly loves you who is not a  criminal because a criminal cannot love somebody  ,0.22962067741900682
from the heart a criminal the scariest way along  when he wants to commit a crime he carries your  ,0.3358342684805393
life so whenever he is caught you will be involved  that's my fight to bring you out of this boy bring  ,0.30749181751161814
her from the bus so you can have rest of mine  that is just that what are you doing there,3.6195244640111923
they love each other just I love them look at the  word you're using you why well know that that boy  ,8.024072647094727
is not a good person this is if you look at him  on the surface he's a criminal you're now saying  ,0.08723049541004002
leave the two of them okay this one is striking  fear in me that if you get married you get married  ,0.5028973333537579
why do you all love things that are criminal  people who smoke people people who sleep outside,0.08798655471764505
is that the argument you're making I'm suspecting  all of you me to leave them to go on come on,0.3033016575500369
that's what it means,6.639433652162552
yeah have you been a long time so something  like two days now I've not seen you yeah,2.8064219281077385
so um fantastically okay yeah yeah,7.508471608161926
you can see the kind of  relationship you have again   kind of relationship are  wanting my life I really wish,3.405531495809555
from your lips to God yes amen,1.4038192108273506
start going go now I'll see you later peace that last time I was  telling her so I've not finished the discussion,6.280258297920227
I love you so much I love you  too baby why are you not dressed,6.6255249083042145
all right have you forgotten  what you are doing today,4.561635851860046
is Saturday now have you forgotten I told you  that we'll be going to my my mother sister's  ,0.9200611151754856
house to help her with her choice good is it today  what is it today is Saturday now I thought you  ,7.899639755487442
haven't already how did I forget I'm sorry you  know there's a lot going through my mind right  ,6.917666643857956
now I forgot to sorry I know I know there is a lot  going through your head I'm also going through a   lot too but I don't understand are you trying to  disappoint me you mean you're not going with me,0.5115744192153215
forgive me but I'm not sure I can go with you  to go and help your mother sister again today  ,0.16176654025912285
because of what happened yesterday what kind of  thing is this now and I've told that already that  ,8.526858687400818
I'm bringing my gear so now how will I go there  now we'll just be lonely I told her to just you  ,4.319024831056595
know I promise you next time I'll please please  just try now your father will not see yourself,0.25622115936130285
what we are going to go into problem  with this love right now moving please  ,5.405449494719505
please for me next time I promise I wanna  disappointed all right I love you I love you,8.877832442522049
I just can't believe in so much anger is very upset,0.4248910117894411
what happened to go and see his mother's sister again you  ,1.8232641741633415
know we know what is going to be  performance so it's not happening,8.258562535047531
sister one day when will this woman eat it come  tell me when let me tell you something if Papa,0.3204141277819872
I will go to the monastery oh I'm not even joking  I will be innocent sister because Ken is the only  ,1.3574802316725254
man for me sister he's the only one I love that  will not happen no no no you will marry King,0.5969555117189884
are you sure see one day can make so much  money and papa will have no choice,5.4183319211006165
this is,3.1821586191654205
okay choice,7.870859652757645
it just want somebody that can  take care of things that proper  ,8.099166303873062
action it tells differently because  I'm not sure it's about money alone   the everybody is to act it's as if I  don't know if I want me to get married  ,6.203208491206169
you don't even understand the king I'm not  sure you just knowing it's true but then I know  ,6.008409336209297
when Ken makes money you know less money so much Don't Worry Be Happy enough,0.7362686097621918
okay,6.343968957662582
I need to do something and it has to be now,3.0723122879862785
foreign but the question is what will I do should I run  away I I mean should can and I run from this place  ,1.0378201492130756
no no that is not the best thing to do  ,6.422290951013565
but we can go to the city and hustle  like others so we can make money  ,4.383481293916702
I think that would be Papa accepting now,8.561105281114578
but where will he go   he knows no one in the city besides his  Wicked Uncle who has refused to help him,0.1296820817515254
thank you,8.900988101959229
Beauty no I'm still on the way where are you going,4.802647233009338
and I just wanted to maybe,8.592494577169418
go to wee-wee with a bug with that  bag right there you want to go and we  ,0.05899698007851839
will with your bag or maybe you want to  pour the wheel inside your bag isn't it so you have this fear for your father and you  had the mind to to to to run out of the home  ,0.08768372936174273
have you got into this eh Roti it has gotten the  days you want to run out of your family's house  ,0.1038441201671958
I want to run away want to leave  your parents house and run away,0.26867929846048355
if you are still that tired I get better some  years ago because since that boy came into  ,1.455559954047203
your life you've been behaving like someone  that has psycho are you sure you're okay is  ,0.054798676865175366
oh you're okay and you want to run away,0.32827507238835096
want to follow a man and run away,0.2430011983960867
you can go no no you can go it after my  suffering after all the effort I've been  ,1.6999300569295883
making to raise you and your sister to be good  children I don't have a boy and people have been   mocking me because of it and I took a decision  that I will make you be that man I never had  ,0.1751761301420629
to be that son I never had  no problem you can go Beauty,0.13071884168311954
please,8.127769827842712
he's really my daughter honestly  I don't know how to thank you,5.381538346409798
the way you've been coming  around to help me in this house,6.944216042757034
you don't need to thank me  now you don't need to thank me   am I not supposed to be doing all these things for  you what have I ever done I've not done anything,3.53376641869545
yeah in this life I was born to help you God bless you bless you too honestly I wish I  ,6.148810312151909
have a daughter like you to be  helping me just the same way,0.16912419814616442
people don't have to say that  I might know your daughter,5.012589693069458
I don't understand I totally understand  that is why I'm always here for you and I  ,7.093117386102676
promise that I will always be here  for you anytime you need me okay,3.4918487071990967
I love you too much,6.299133598804474
I saw him move but that was yesterday my mom  if you see the way he was running as his son  ,3.001192584633827
was after his life why who was torturing you who  else if not Beauty's father I said it yesterday  ,0.23003106471151114
I said it but he lied to me because he probably  think that I'll be angry if he tells me the truth,2.2153720259666443
he doesn't want to listen to me  ,0.3018204355612397
want anything bad to happen to him everybody in  this Village you know that is a very mean man,0.7613148540258408
don't worry nothing bad will  happen to your son all right   hey man it's going to be okay in  fact very soon this will be over,0.6972320377826691
here yes I'll take you any flavor you can just  ask for any favor and I'll do it thank you,8.807525038719177
yes how are you I'm fine thank you long time miss  you how are you I'm fine though I'm just fine this  ,4.263923689723015
one you so you're here today I hope there's no  problem no there's no problem so how is beauty oh  ,2.3384787142276764
my love she's she's fine she's very fine my love  is fine okay how are you I'm fine okay um there's  ,5.282797291874886
something I want to tell you if you count that  thing with please you can see the sun is too much  ,5.715194344520569
maybe we can talk later let me just talk to you  now now the other day I went to the house we're  ,9.468979388475418
not there and you know it's hard to get rid of  you let me just tell you what I want to tell you   now it's very important to me it's very important  yes okay just tell me now tell me people be fast  ,1.4974257908761501
you remember that day that you and Beauty were  standing on the road kissing and shoe you know  ,0.6203669589012861
the day the father was pursuing you as if someone  is terrible you remember that number what happened  ,0.8975273929536343
after that moment heading telling someone that  he's going to send some bad boys to come and beat  ,0.4679689649492502
you mercilessly he even told them that if they  can't they should kill you that is none of his   business ah is that why you stopped me yes sir  that one is no longer news now everybody knows  ,0.4059157334268093
that now that um Mazi okolo doesn't like me eh  I don't know what I have done to that man is  ,0.32128910534083843
he a crime to love you see I love beauty with  so much passion beauty is my life I cannot do  ,0.8795923553407192
without her any day I wake up beauty is in  my head if I sleep beauty is in my heart I  ,1.8065109848976135
mean the love is just too much it's love a  crime what wrong have I done to Mercy that  ,2.612549811601639
is he's just carrying my name cassetting my name  up and down what's wrong have I done to him okay  ,2.2175999358296394
this one is not about if you have done him any  wrong or not your life is at stake here and there  ,0.5968438927084208
is nothing that is worth your life eh come on  this beauty that you're trying to kill yourself  ,0.28865921776741743
on top if anything happens to you now she will  move on and okay let me tell you she will move  ,0.8419880643486977
on with a man that is even better than you think  I'm joking girls especially that beauty hey see  ,1.2604809366166592
try and stay alive for yourself well there is  nothing worth your life if not for anything for   at least your mother you know how much I love that  woman if anything happens to her I won't be happy  ,0.5011079832911491
I'm sorry if you think I'm intruding into your  personal life oh no no no no no it's okay if you  ,4.393149167299271
see you're like a sister to me so it's it's a good  thing you came to tell me this at least now I will  ,1.5571911819279194
be more careful and also thank you for your advice  thank you for everything no problem I mean say  ,9.161953628063202
well to your family for me yeah oh yeah let me see  let me start going in case this one is tomorrow  ,0.7902046665549278
come now at least give me a hug now see the kind  of information I brought to you you know all right,7.015953958034515
is that you almost hurt me serious if  you please let me go all right take care,0.3727286122739315
hey how can one person with this fight,0.8493570610880852
the love of my life which,4.048227891325951
did I hear this boy call me  sister this guy the player,0.6053687073290348
foreign,6.298292428255081
you used to be but not anymore since that little  boy came into your life you you suddenly became  ,0.06758582894690335
mad what is your problem now so after all  the mockery I've received in this Village  ,0.039249236579053104
everybody they describe me if they want to know  which chairman they will say that chioma that  ,6.508733332157135
did not give birth to a son not before so after  all that mockery and I made up my mind that I'm  ,0.3571900771930814
going to raise you and your sister to be that son  take all better or even better than those their  ,0.1615696121007204
son what everything their sons are accomplishing  that I will make sure both of you accomplish it  ,5.098177492618561
wants them to laugh at me do your back that you want to run  run now what are you waiting for eign,0.29803356155753136
ah,3.7084363400936127
mama you don't look happy now nothing is wrong Mama we're just disgusting,0.022123985399957746
they are just discussing with your body please I don't want to answer me nothing so mama  what is abuse with this back now you just cannot  ,0.12754537165164948
see about you drink your mouth nothing's wrong  with that this is wrong with that where is Papa,0.04795855202246457
before I know you want to just just collect whatever  Mama nothing is happening somebody is running  ,0.3969630226492882
away nothing is happening here Beauty okay  I'm not trying to run away take your types,0.6034024525433779
who's trying to run away now who just run away now,0.48288325779139996
foreign,6.298292428255081
oh my God is a very strong thing my love I've been  waiting for you special thing what you  ,7.7905334532260895
know I'm not good at guessing  do you know I was missing you   so much oh you're missing me I'm  here now and I've missed you too,0.9874183684587479
I've been you know I I picked a few of my  things to do and I wanted to help with you  ,9.419257193803787
but thank God it was my mother that caught me  I know my father oh you wanted to do what why,4.445096850395203
I'm tired see the way my father is treating us  today my father killed embarrassing oh he doesn't  ,0.35496570635586977
want us to be together but but my love we want  to be together right you want to be with me and  ,1.8215367570519447
I also want to be with you don't worry about our  parents all right what matters more is our love  ,3.4941069781780243
our genuine happiness I know with time  all these things will stop and we'll be   together forever okay don't try to do that  next time please be careful for me hello,9.117162972688675
I've told you can't last time that I don't care  about what people will say listen I will marry I  ,0.5929649341851473
must marry you I must end my life issue I can't  yeah I've not even seen any woman again the only  ,0.26197696570307016
person I have right now is you I only think  about you I don't have a friend you know do   you see mood friends is this because I love you  I want to believe what what do you mean by that  ,7.798111438751221
if he's like a sister to me so many Temptations that's why you are doing like this who's this  person you are trying to do like this for you  ,1.4632746577262878
are giving giving the person green light too I  don't know but I think I'm in love yeah I love  ,8.534090965986252
I hope it's locking whatever okay so tell  me who's this person who's this person ah  ,3.9533328264951706
God I'm so much in love with him like he has  taken over my thoughts he has taken over my  ,1.9578425213694572
I mean my medulla oblongata like I cannot stay a  minute without thinking about him like oh my God  ,1.565144769847393
this mother is making your bodies with  you like this is it from this Village  ,0.06529520615004003
and I think you know him I know him what is his  name um when the time is right you will know him  ,8.687855303287506
but for now okay I know you're not safe see this  one you already brushes you need to watch yourself,0.4841758403927088
because,4.622302204370499
the way I feel right now,8.845871686935425
what are you looking sad see I told him we went to the market so in case he had  to tell him the same thing why do I avoid trouble,5.819695442914963
I am tired every day everything what problems  that I am just sick and tired God please,1.1208715848624706
please for my father you know  what that's not even my problem do you see be careful,3.469240665435791
I wanna,0.5740827415138483
I was inside doing what I was  arranging the clothes in the room  ,6.034724786877632
okay okay um where's your sister  I told you she went to the market,0.2029835944995284
okay you can go you can go um I was I  was wondering if I met her on the way  ,7.956183701753616
yes papa I think you missed her on  the way she just is not quite hey,6.675137579441071
Papa did you did you check how much is this job  that's what I didn't do I'll I'll check because I  ,4.049495607614517
I don't want anything to  happen to this my daughter  ,0.4814564250409603
I'll check okay it seems It's hard  written that's how okay just go and rest,4.065445438027382
I'm back where are you looking very weak working  weekly is there any problem feeling true what is  ,0.19740446005016565
your sickness huh what do you tell me because I'm  I'll be ready to go and buy a medicine for you  ,0.18782018451020122
oh what what do we call it headache or temperature  or what you know sorry what do we call it,3.6737076938152313
I did not say my body was paining me I just said  I'm not feeling sure the man should care for his  ,2.353420667350292
daughter if I don't care for you who will care  huh sorry oh sorry ah the temperature is this  ,0.0885490677319467
your body is very hot why should we wonder why  did you allow it to grow grow like this please  ,0.10709443595260382
stop touching me did I say my this is paining  me okay they're touching things do you have  ,0.3794850781559944
some other person to care for you the enemy  who can do it very well do it very thoroughly  ,0.4052218981087208
huh you know if I have my way if I have knowledge  I will just give you injection like a doctor,1.0738692246377468
all right the recipe very well the the sun is a becoming  something else oh don't allow this on a factory  ,4.081181436777115
at all don't want any of my children to go through  stress to go to bad weather uh I want you all of  ,0.9208858944475651
you looking good okay look at me how good I'm  looking it's because I don't get myself on  ,4.994524270296097
duly exposed to this kind of song you know where  this kind of village where do you get medicine  ,4.289507120847702
they will go and get a dogon yellow  for you to drink let's have a problem,0.1590824220329523
Jackson huh now I can see the insults so if  he refused to accept me as a man time,0.8187026716768742
she told me that she's in love with care  again who is not even in love with her,0.44672037474811077
what's her life come to think of it what does care that  our eye Jacks don't have come on now,0.6541393231600523
Ken is cute yes but I'm cute also  ,7.053213566541672
yes I'm cute I can't have pink  leaves hmm but I have pink Clips too,2.353164181113243
can you speak Mass my body,0.45127025805413723
I will not give up I will never give up  yes I know what to do I know what to do,4.348954930901527
to your house it was forgive me,3.569713607430458
even before you ask I've forgiven you after I did  not kill anyone thank you I don't understand why  ,0.9342296980321407
are you looking all stressed up why not what  is wrong my friend you will not understand  ,3.4591156989336014
tell me make me understand at least I cannot  divorce you to the best of my knowledge the man I  ,0.2156170317903161
am in love with I actually want to spend the rest  of my life with you my father has one that Oba is   dead body I really are not being married this one  and Beauty let me tell you your father is right  ,0.37733111530542374
your father loves you so you want a bright future  for you please you will not understand my credit  ,1.3852547854185104
my father loves me so much he he keeps telling  me I am a store party I don't even understand  ,3.1658727675676346
even though that what but it keeps eating it  all the time and you know because Ken doesn't  ,4.825209453701973
have money now kid is actually not buoyant  my father keeps saying instead of me to   suffer in the name of marriage and better remain  single with him I don't understand the problem,0.4080371465533972
my friend his father loves you he loves you  and every father wants to see their daughter  ,2.567945420742035
do well yeah your father loves you so much and he  wants the best for you so what you will do now eh  ,1.8636222928762436
the love of your life don't  tell him to go and make money   thank you when he makes enough money he  will becomes your father's Choice oh my God,0.3563717007637024
thank you so much my friends,8.848637342453003
thank you,8.900988101959229
nice nine what are you doing all this now  why are you doing all this how can you go  ,2.188270539045334
around the whole village telling everyone that  cares to hear that they should one can that they  ,6.048839166760445
should stay away from her daughter what is  the meaning of that now I am safeguarding my   own uh if I calculate how much I spent of the  investing in our daughter I won't I won't play  ,1.3209735043346882
with anybody who who is who is a layer about  who is not serious in in life to come here to  ,3.121698275208473
reap where he did not so I don't know my family is  but not for Ken yeah not for Ken so what it can do  ,3.7578724324703217
to you what they did to me what did he do to me  it's not it does not work hard they must go and  ,4.5999545603990555
reap where he sold not from from my family what  did he do in this family that I invested so much  ,3.5649601370096207
in my daughter and he is now coming to reap  I don't see him meriting it no I won't allow  ,1.1969657614827156
that if two of you have a partnered to achieve  that I'm telling you it won't work nine nine  ,7.591304928064346
you realize that this same can is the only child  and the only son to a widow he lies a poor Widow  ,0.20577777177095413
and she can't afford to lose her son because  because he's loving your daughter sentimental  ,0.4593127407133579
I was listening to you to tell me the achievement  of Ken he was saying we do what what do we do with  ,8.898252993822098
Widow and so on that one is uh ephemeral I always  say you make it costs no eyes it does not concern  ,2.0188061520457268
me I have worked hard in my life and I have met  my daughter to go through hard work but to go and  ,7.33753964304924
direct scan where to read not in my family not  in my compound that's the point I've been making  ,8.222054690122604
oh wait wait wait wait wait wait till nine is it  this this little conversation we are having that,3.896098956465721
that's just I'm sure I'm making a point  I'm making a point I'm sure I'm making   a point no no not nine just listen to me I  want you to allow our daughter to be happy  ,6.470736116170883
love beauty to be happy Ken loves her daughter  they are in love so let them be actual when I  ,5.395529419183731
go married to you what did you have what did you  have you heard nothing or have you forgotten so   soon those who love our daughter are meaning what  I want is any man who will come my daughter's way  ,0.4622544627636671
should be a man established to be hard worker  working hard so I've not recorded Ken as a  ,7.710175961256027
a person who works hard so he's coming  that this man has a a polished a woman  ,2.235483005642891
that he will just come and jump into I won't  allow that people must weep where they sold  ,0.36187360528856516
Ken should go and reap where he has sued if he  has not sowed yet let him go and start afresh,0.42938836850225925
I understand how difficult it is  to you I know you can't I know it's   difficult but try for once in your  life allow Beauty to be happy please,3.0761443078517914
misleading her daughter I can't be party  to misleading our daughter our daughter  ,0.47400197945535183
has threw my training enjoyed hard work so  let him reap through hard work not to come  ,5.416733026504517
from nowhere to to balance on our dining table  dining chair and we're eating chocolate no attack,4.692041128873825
it's not possible okay you don't want to listen  to what I'm saying no I'm listening to you but I  ,1.8390826880931854
must not do what you are saying yeah and  if you don't want to do what I am saying  ,4.367351904511452
if you don't want to do the one I'm  saying in the daytime in the night   I will not do what you say can't die  Force you um look at what you wanted,0.5715155974030495
marry him back,0.3559668315574527
this one is challenging me I have seen goodness  so don't come here I paid all your dowries so  ,0.14534848742187023
don't come and deny me anything each one I I  I I I ask you you give me at my back and call,0.41136424988508224
I jump,0.31407338101416826
away,1.2416446581482887
no foreign what is the matter why are you crying  ,0.3517555771395564
that means so much pain is  the reason I'm in despair,1.5164782293140888
it's okay it's all right my dear stop crying okay  look I'm I'm sure he said all that out of anger  ,0.3392883576452732
they can I know loves you so much I shouldn't  have spoken to him the way I did oh no don't say  ,6.0204967856407166
that look I love the way you spoke that's  division okay so please stop crying mama  ,1.2321630492806435
are you sure God will leave me oh no not at  all they can I know will never leave you he  ,0.42153489775955677
loves you so much so don't worry I'm sure he  will come around everybody hopes he will I  ,4.6944450587034225
hope so because Ken is my life mama I love him  so much he can't leave me I don't know if I'll  ,2.9066355898976326
survive but I don't know please tell me what  do I do now okay listen to what you have to do,4.047330468893051
number one is that Ken loves you so much  forget that he doesn't have money now the  ,1.917668804526329
fact that he doesn't have money now does  not mean that you remain like that forever   look I've seen I've seen close that had so much  money so much when I mean so much so much money  ,3.103115037083626
there was no love in their marriage and because  there was no love in their relationship there was  ,5.196163430809975
no Joy of that before you say Jack that marriage  became problem rumbled and ended in bad news  ,3.636400029063225
telling you really feel one thing love is the  most important thing in every relationship love  ,6.665455549955368
see what's love him every other thing we made easy then  money cannot be taken away from any relationship  ,5.769621208310127
especially in marriage because when a man says he  loves you he needs money to grease that love yes  ,1.3778221793472767
he needs money to take care of you he needs money  to make you happy he needs money to make your face  ,0.09422710281796753
shining if money to make you beautiful all right  thank you thank you so much you give me serious  ,8.410589396953583
word of knowledge today for the first time in  my life I will never forget it thank you Mama  ,5.253386124968529
you're the best mother in the whole ah you're  always welcome my daughter that is daughter,1.4686500653624535
I don't want you to be staying alone yes,2.100696600973606
yes I have a gist something that  happened in the market yesterday,7.816716283559799
um so guess what,6.4090631902217865
so he kissed me and hugged me good I'm the  happiest girl alive so because in my peace  ,3.470657765865326
that's why you are the happiest girl alive yes so  see I don't expect you to understand okay okay I  ,1.2739808298647404
won't understand but tell me who is this man who's  this man that you don't want me to know about it  ,3.7406805902719498
have I not told you I told you to just wait  time is right outside okay don't tell me,4.3229419738054276
please you're not jealous,1.3777796179056168
are you sure of what you just said to me   yes I saw the both of them but they might  not have something yet of course I know  ,9.522321820259094
because I trust Ken with my life my love is  perfect he will never do such but you see  ,6.502474099397659
I don't trust that if you have a girl one bit I  don't even me that game might be up to something,0.6024245172739029
I will you mean you saw iffy washing  dishes for my future mother-in-law to be,1.094916183501482
I swear I will kill that girl before she even  touches my mind trust me just lay that idiot go  ,0.46293563209474087
concentrate on your mind don't even say that  to me don't say that to me I know what to do,0.4667744506150484
ha,0.8783037774264812
all right hello,7.136686146259308
hello yeah Miss a man listen,5.117693915963173
I don't like trouble but I made trouble last 30  years but I retired because there was no need in  ,5.188622325658798
trouble but you're making me revive my spirit of  trouble whenever I do something will happen to  ,0.6392787676304579
us say I'm ready to gosh your two eyes out better  check Matthew so be careful don't let me call you  ,0.40027606301009655
again because of this death do you hear me do  what you're supposed to do thank you very much,0.6070001050829887
just wake up because it will only  remain a dream and never a reality,1.0632533580064774
and not a reality said Beauty I don't want to make trouble with you  ,1.535400003194809
and you know I I really liked you two  together because I know what you guys  ,8.94070565700531
have is true love I know you love him and he  loves you thank God I knew that I knew that  ,8.43898355960846
so please you guys have love for each other I have  love for myself sometimes you're very very stupid  ,0.03806486201938242
you're very stupid you're very silly but let me  warn you no let me advance you rather stay away  ,0.026967082521878183
okay stay away from the opening stop forcing your  sin yourself are you not ashamed of yourself no  ,0.04323492175899446
don't always train yourself at the man that does  not even want you stay away stay away from my man  ,0.2105236053466797
okay my anger is you're always talking about my  mind my own being my love my boyfriend what is  ,0.17076225485652685
wrong with yourself no no tell me what do you know  about love eh do you want that poor window eh to  ,0.08061331463977695
lose her only son because of your stupid feelings  what is your business mind your business mind it  ,0.02901780535466969
um just listen good by the time I'm done with  care eh I'm becoming history in fact he will  ,6.019141152501106
start seeing you like a fellow man God will  punish you you're very stupid God will punish  ,0.12103038607165217
you for this rubbish you just said but I'm  warning you away from my man in fact you the  ,0.04122865793760866
man telling me Beauty punish you you're very  stupid stealing from my man the next time I'll  ,0.07842527702450752
even stand like this with you you will not let  whatever you stay away I'm warning you stay away,0.37483740597963333
you know I'm actually having fun  because she's really seriously  ,4.047302156686783
no she's short ladies stay away  from my brother stay away from him  ,0.20940955728292465
you lost can the moment you and your father  called him Paul you just gave me access road  ,0.37071811966598034
to him that you just made it easy for me to have  him the moment you called him Paul do you know   what you did to his self-esteem I came to him and  I walked to him I gave him confidence and now I I  ,7.395198941230774
I I then showed him how to you know how to to love  another woman you have lost him for good all right,0.5678852554410696
thank you,8.900988101959229
so what's happening to your sister anymore,0.1725293812341988
please I don't talk about that,9.102704375982285
um I even had those two love but they  they fought for the first time in history   what does if you're going to do in all of this  ,7.523342967033386
um You didn't tell that if he was responsible  that girl so they have still two misunderstandings,6.079506501555443
oh no wonder she was just blushing  she told me she's in love not even  ,3.902045264840126
ask her why do you love me she said  she will not tell me until the time   is right I will not tell you  I'll tell you when I'm ready,4.201755300164223
this is very painful how did she go this far this  is not right I need to talk sense into that girl,5.580470338463783
if you what is wrong with you are you this weekend,0.5898024421185255
peace I am having a bad day I've had  a very stressful day are you hearing  ,4.753917828202248
me so I don't have time for this rubbish  I don't understand you don't have time   for this rubbish let me tell you everybody in  this Village knows that those two are in love  ,0.03840015269815922
Kane can never love you that's what you  think yes that can can never love me  ,0.6401454098522663
watch and see watch and see okay I will  turn the impossible possible in this Village,5.674649775028229
I don't understand see let me tell you if I  should advise you as a friend eh Jackson loves you  ,8.34832414984703
so go to Jackson because I never love  you so you're trying to advise me  ,1.120295189321041
based on what eh you or anyone else not tell  me how to live my life or who to love okay  ,3.2509878277778625
thank you see I pity you because Beauty will kill  you why don't you see that King does not love you  ,0.48344340175390244
or are you going to marry his mother  there is something people don't know  ,0.3848073771223426
Ken's mom will make kids lovely whether he loves  me right now or not okay so mind your business,0.10669009061530232
so you are working out see you you will regret  it to Jackson please I need your help please  ,1.7497917637228966
what is it Jackson please I need  you to help me talk to carrot  ,7.7149853110313416
because I don't want to lose my own thing  see I didn't mean to call him poor it was  ,0.17327545210719109
all a misunderstanding please please can't  misunderstood me I was just trying to you  ,8.799243718385696
know push him to encourage him but but that's  that's by the way please help me come too  ,8.21373239159584
sorry I can't talk to him for now why  why you're his best friends are you guys  ,6.9915711879730225
squarely you guys have issues Jackson please  whatever it is drop it aside you have to talk  ,6.734052300453186
might be in please you're the only one who listens  to so help me Beauty if he wants to talk to Ken  ,2.2179022431373596
you better go to his house and talk to  him yes why are you looking my sister,0.7555180229246616
friends please please me drop right aside and just  help me please it's their own good too all right  ,10.46607419848442
I will talk to him well first I told him I'm in  love with if he said he has nothing to do with her  ,5.935158953070641
that's what he told me he writes  Ken has nothing to do with you  ,2.848641760647297
I'm not even lying that's the truth if he's the  one forcing herself okay and and the saddest  ,0.2820265479385853
part is Ken's mother is in support of all  what is going on because she's she's trying   all her best to separate me for Ken because  of my father's strength please don't let the  ,2.3124728351831436
plan work please help me if you say so why  did I see both of them in their compound why  ,9.180828183889389
Jackson listen to me whatever you show  it's not actually what's going on trust  ,4.66216504573822
me if he's the one forcing herself okay  Ken does not have anything to do with DC  ,3.4332796931266785
see right now that's not even the issue what we  should be thinking of is how to come together  ,8.563743531703949
um I I work like a theme yes you love history  right yes then do everything possible to take  ,8.392845094203949
that girl far away from my man do whatever you  want to do with it take your feet to wherever  ,0.1179293030872941
you want to take it into so I can have my  man all to myself let's not allow please,0.6331734824925661
you are right now I understand you,7.620131969451904
you need to take this one that is yourself  you want to be the best man that she will  ,3.6607757210731506
do everything possible to take care away  from me and that I will do nothing because   Ken's mother is suddenly behind us if  you said that yeah she did that please,0.6069710943847895
I can't lose my mind please please thank you,7.721202075481415
where is your sister once you went out to where,0.11680262396112084
is your sister when she went out   so yeah don't die your sister want to kill me  does she want to kill me hopefully let you not  ,0.42260000482201576
have peace because of beauty and her boyfriend  is she the only one that has a boyfriend huh,0.07401165785267949
calm down everything will be fine soon  everything will be fine soon how do you mean,4.778619110584259
what are you what are you both up to what  are you planning tell me am I nothing you  ,0.5175836849957705
see if you tell me I won't let her know I'm  away just talk to me don't tell me now I  ,1.3417948968708515
want to hear all those girls girls gist  all those girls I want to know this one  ,0.2724139951169491
tell me now now and how big you I bought Big  Dry fish normally dancing give you something,0.43409564532339573
earring for you nothing I cannot kill my sister  okay okay I'll buy fine dress for you just tell me  ,0.32450458966195583
nothing is happening true what  are you planning with your sister,0.22310048807412386
I told you I thought you had a voice shouting,7.3983728885650635
we are here,5.444943159818649
drama where is your daughter beauty bring her  out my daughter my beauty is not at home I hope  ,0.3743893466889858
all is well is there any problem with the three  times what do you mean why you pretend as if you  ,2.3185547441244125
don't know what is happening eh I want your  daughter to stay away from my son want her  ,0.20129939075559378
what did she do can you just open up and tell me  what did she do you are asking me you see why I  ,5.289483070373535
don't like your behavior you are asking me as  if you don't know what is going on I don't know   so she did not tell you how she arranged with  her fellow talks that she calls her friends  ,0.5808086134493351
they let Ambush for my goddaughter if he and  beat her up just because she saw iffy which  ,0.4053582902997732
came together they beat her up what did  they have killed her for me my own Beauty  ,0.47878450714051723
fighting in public no that's not possible I  raised her up well you did not raise her up well  ,1.3441883027553558
but let me tell you something you see that if  he she's my goddaughter she is the only girl  ,0.2246710704639554
in this whole village that comes to my house  to help me with my house choice I don't want  ,4.760086163878441
anything to happen to her one your daughter I  don't want to ever see her near my son I don't  ,0.3357312176376581
want to ever see her near my house if she does  I will deal with her I will deal seriously with  ,0.8732272312045097
her you know me oh I don't have customer when  it comes to trouble people should not try me,1.177079975605011
you know me I'm gonna trouble  I don't have customer I will  ,0.45994333922863007
deal with everybody this Informer come down now,0.4396466538310051
ah mama leave this woman let her go I beg up  your mouth will you shut up your mouth yeah  ,0.1313810353167355
you need to hear what your sister did how can she  be fighting in public because of a man huh look  ,0.12715287739410996
look any woman any girl any lady know how to  fight have fellow woman over a man is Shameless  ,0.06520600290969014
that's the worst thing any woman can do fight it  over a man you better be careful is it not as soon  ,0.14768001856282353
that has been following my sister up and down  and so are you supporting what your sister did   are you supporting what she did Mama are you sure  she's saying the truth don't don't say that again  ,0.3586995182558894
I've known Informer for years I know her she  can't lie over what now why would she be lying  ,5.835044756531715
huh my sister cannot do that your sister  cannot do that we are here we don't know  ,0.11802022345364094
what is happening outside your sister is  fighting and you're here defending her you   tell her I want to see how when she comes back no  daughter of mine will bring shame to me nonsense  ,0.10912757134065032
if I have only girls let me train them  well did you hear what she said she's   even insulting because I don't have a son so  the girls I have I have to train them well I  ,0.41110836900770664
have to make sure they don't bring shame to me  let her only son bring the whole world for her   it is well It is Well grandsons I trust you beauty  I said she kneel down look at you you should be  ,0.3619898809120059
ashamed of yourself going around fighting because  of a man huh useless we don't know that very well  ,0.04449983243830502
Beauty has not eaten since he says that stupid  game that's what's called sister really I swear  ,0.08316923631355166
sweating my friends I thought I was I  leave my man why will you shut up shut up  ,0.03418611304368824
who is your man who is your man  you're not ashamed of yourself you're fighting you you wait I'm gather your  fellow girls to fight somebody because of a man,0.10988559806719422
because I allow you to sit here do you know the  level of Shame your sister has brought this to  ,0.04269925120752305
this family case mother came here and was shouting  screaming insulting every member of our family  ,0.08516908856108785
hey how about your sister be as stupid as going  to fight a fellow girl over a man that has not  ,0.05704163922928274
even paid that right price he believed me Mama I  did not find this girl no fight no friends come on,0.30820155516266823
up beauty is innocent it's innocent if he is  the cost of all the problems we are facing,0.7532664109021425
yes why would she go down I don't know  she taught me a difference and then told  ,6.597650051116943
my mother a difference in as well the  only reason my mother came here to be   you know shouting at you okay was because my  mother is very close to her so she lied sorry,5.308299511671066
I needed to see the way your mother came  and was embarrassing I'm sorry I'm sorry,0.07187806186266243
you want me to answer a name that  is not what I can only answer,1.8610626459121704
okay what is wrong with you have I not told you  that I do not have feelings for you hey I don't  ,0.5240463186055422
want you but I love you I truly love you if I like  this life New Balance at all how person will take  ,7.93340876698494
the look for a go to get F9 okay what only buy  that now what do you mean isn't all of yours I  ,0.7722415961325169
don't like you I don't like you what language you  want me to tell you that you understand should I   say it in Igbo or hausa or Yoruba listen  I understand you don't like me but I wait  ,0.1370829646475613
I will wait because I love you we will  wait until you die you wait until you die  ,0.6874242331832647
you go and look for your class go and look for  someone that will date you for me I am taking,0.23279914166778326
by who I can of course who else,7.535235583782196
clean this place see let me tell you okay don't  even have a single feelings for you I'm telling  ,0.2901204163208604
you he personally told me that so please give  me the chance just give me the chance so that  ,8.749037981033325
I can show you how much I truly love you I can  take good care of you you you take a good look  ,3.0791429802775383
at this show but I can take good care of it  hey Ken doesn't love me let me be the one to  ,0.9414521977305412
judge that okay if Ken doesn't love me how  is that your business eh tell me how is your   business nonsense next time stop me stop me on  the road again to tell me about this Stupid Love,0.03546707739587873
don't worry I keep telling you I'm a  very important person in this community,8.804578334093094
don't worry I will show you,3.9896056056022644
but,5.84585964679718
hi Hi how are you oh what's not  your name again my name is peace oh,4.939008876681328
peace you are so beautiful are you heading my  way anyways uh thank you for the compliment  ,7.791327685117722
but I'm going to the market my mother  sent me to go and deliver a message that is my way too yeah yeah yes yes,1.6971638426184654
especially when the Love is  Real it's a very special thing,8.346979320049286
and I love you so many times because you  know my love is always bigger than yours,5.716981366276741
baby,1.1866738088428974
uh you see I'm so sorry for for everything  I'm sorry for for not checking on you,6.949107348918915
by nonchalant attitude   you know it's just it's just right okay  you know a man's Pride that's just it,1.330866850912571
is,5.410399287939072
strength,7.761997729539871
but I'm motivated yes I know it it sounded  so awkwardly and all that but I was indeed  ,9.582825005054474
motivated and I want to let you know  something once this money comes okay,7.528387755155563
I love you so much okay,8.243665844202042
I cannot can barely concentrate,2.272622473537922
is making me get worried I don't  know what to do up till now Beauty,0.8134202100336552
what am I going to do even me I'm worried because I know if Papa  comes back now don't be trouble it is a career  ,1.2082524597644806
problem he just finished ranting  shaking the openness swearing and  ,0.9683107025921345
all that and stop out I don't know what  is going to happen when it comes back  ,1.3814395293593407
does your sister want to kill me does he want  to cause problems between me and your father,0.3268018364906311
how will I don't understand you don't  understand you know how your father is  ,0.11373934103175998
you know how mean he can be I don't even know how  to face him I don't know if he goes and come back  ,0.48142909072339535
and find out that beauty is not back up there  now I don't know what he's going to do to me   I don't know what to do now I  don't even want his trouble at all,1.0127237066626549
now you have to calm down it's not your fault  after all you didn't take Beauty out yourself  ,0.3026712452992797
please mama what our advice you go inside  and rest in fact pretend like you are sick  ,0.04389688838273287
so whenever because we allow you ready yes  now you have to pretend they are sick are  ,0.09385914891026914
you sure that would work yes that's  the only solution go inside lie down,0.4445284605026245
as if you're always Junior  was completed on the way  ,2.1056784316897392
yes now because I don't just have  time for that months for Allah,0.6608070805668831
like dance in that case you have to come come  with me now stand at the door so  ,0.5879495292901993
that you let me know when he when he's  coming my my heart is beating faster  ,3.3286113291978836
now I'm I'm really really scared  mama going like that don't worry,0.60278563760221
massage,0.7951898500323296
thank God don't think again,5.431355535984039
you're scared you don't need to be scared,0.2275407314300537
I'm not scared because you know how my  father can be I'm scared to my mother,0.25479854084551334
I'm not sure what happened to her all right,4.866450652480125
love me so much anything and you know how he is  by now you'll be saying she made me disobey him,0.9220344945788383
okay we love us your father your mother  means for each of those questions cookies,0.9412494488060474
please,8.127769827842712
looking from this Village is not a good idea  yes you just said now that you're scared because  ,2.1310776472091675
of what your father now imagine when you look  from this place by the time we are coming back  ,1.1477411724627018
can also before your mother you know so  what about your mother how will she survive,0.08880699169822037
all right the thing is that I love you so  much and I can go through anything because,7.073643058538437
you know what too much,2.9991459101438522
please I'm begging you peace what is the  place for am I hearing you well yes sir,8.278309553861618
please get my daughter back here in Egypt that's  all I want um he will come back I'm I'm sure by  ,1.238375436514616
your magic buy your magic wherever you have hidden  Beauty go and bring her out there and foreign,0.8771225810050964
to swear to take oath if you know  what you're telling me is the truth  ,1.1306311003863811
let me give it to you no problem I'll swear,0.5621110554784536
put in your mouth if you know what  you're telling me is the truth put  ,0.04016515449620783
this in your mind there's no need there's  no need please I see you huh as long as,1.7727011814713478
my daughter must be brought back whether you  like it see I may have to use you to replace  ,0.8593912236392498
her hey I may have to use you to replace  my daughter I cherish her okay because,1.2335645034909248
please,8.127769827842712
if my daughter does not mean  anything to you she means to me  ,3.765593096613884
oh yeah at least I'm sure of getting a good a good  a good diary out of her head and a good husband  ,0.5211892537772655
and a good house probably a mansion you're telling  that you're telling me I'm going out one two three,2.6119686663150787
no because you know because  you know because because,1.3786505907773972
please,8.127769827842712
hi um,6.515959650278091
I'm worried I'm worried about your father  you know he likes trouble I'm not what he's  ,0.20633535459637642
going to do there huh hi Beauty come back you  didn't come back and vindicate back come back,0.2718054922297597
telling some of the youths that  can kidnap his daughter yes I'm  ,4.100486263632774
not the villagers are following  him to King's house to arrest him   Ken is in trouble all we need to do now is to  save Ken and beauty okay forget about that idiot  ,0.04118261858820915
jaw yeah she's not important now wait she's not  an age of wait I even thought by now she should  ,0.4133544396609068
have married oh really forget about that as  you can see I'm going straight to Ken's house  ,2.5422878563404083
to tell the mother the situation at hand if  you're going coming with me you better start,0.34470842219889164
there is problem we have to live here now  in first we need to live here right now,0.7139756809920073
your father the news what yes please let's just leave here,0.9218235500156879
he said that if he doesn't see you  today that he will send the police  ,1.102595217525959
to arrest my mother I don't want  anything to happen to my mother you   know who my mother is now and she's sick  please let's go let's leave this place,0.2512594684958458
calm down,5.309709906578064
oh okay do one thing for me just just stay in hiding  I will go there when everything is listen now  ,3.2683707773685455
listen you've been talking that is not even my  problem if you go now and see your father it's   not any problem right now okay your father  has even paid some youth he told them that  ,0.21218315232545137
they should look for you anywhere they see  you they should bring you to him and that is   putting me in in the dark so what I'm saying  is let's just go and meet your father and  ,0.7275822106748819
let's solve all these things because you're  going to meet him it was the service a problem,6.525985151529312
do something what is it,2.2855592891573906
what are you talking about sir I can tell you that  I swear the Muslims decision I should make love   to you listen there is for everything forget  about love make it now let us know how we can  ,0.6742196157574654
salvage this situation please please there is  something more important I I want to tell you  ,8.984869718551636
you know the money I told you I was saving  for your your breakfast it's complete,0.6248782388865948
nothing,1.0374571196734905
please die I think you're taking this whole  thing too far it's not necessary listen if  ,0.46692746691405773
I don't see beauty I arrested for my if  I don't see beauty I arrest you foreign,0.2789065707474947
right yeah it's not fair at all how can I even  deprive in our daughter of her happiness if you  ,3.148236870765686
don't know what to say just shut up your mouth  but get out from there get out from here your  ,0.05114615196362138
your infuriating me get out from actually I'm not  looking at anybody's face now get out nonsense  ,0.03482318134047091
nine nine Informer is a widow ifeoma is a widow,1.6420887783169746
no one put us under because  the love is real Beauty,4.431008547544479
um against mother yes you can  run to the house and save his what please,0.46420893631875515
don't have anybody to speak  for you and your son help hey,3.3820874989032745
you will not kill me or I don't know  what I did to you you would not kill me,0.5078882910311222
so many Temptations,0.7589246612042189
because that's your iniquity,0.1406997675076127
look at them just look at them yeah move,5.368921533226967
what is right and what is wrong,5.567510426044464
have you ever when did you take over  police force from from police when did  ,3.74571792781353
you take away the the the work  of the law enforcement against   each other I am the one you're  looking for and I'm here now is,4.654793068766594
My Father Here was always chasing me again  all the time so I followed him willingly he  ,7.05176517367363
never kidnapped me so please again will  come out of hiding but Papa promised me  ,3.086962178349495
he will not do anything to him nobody  will touch Ken or Ken's mother nobody  ,0.39030457846820354
can possible that one will  be resolved little little,9.312895685434341
resolution comes later not right now we're not  here to please you we are here to please the  ,6.342315673828125
Lord let me tell you all these things you're  doing is in vain because it's sickened I will  ,0.2540213521569967
marry Ken whether you like it or not I have  respected you enough us alone what is this,5.26379831135273
let them be happy,6.371078640222549
hey beauty where are you doing parents now I'm  your mother I'm the one that gave birth to you and  ,0.10094445897266269
my husband is your father you say because of your  father's Behavior that's where he has always been  ,0.21458680275827646
um tell me the truth who are my real  parents because I remember everything  ,5.691281333565712
what is it what are you trying to do you will  try to molest that girl is it because she's  ,0.05116676911711693
not a biological daughter shut up your mouth  you're not the one that tell me what to do  ,0.029774519498459995
the girl in question is my investment don't put  your mouth there again and so and so can't you  ,0.04422143683768809
take out like your child can't you take her  this is not fair it's an abomination hey hey,0.03356568922754377
when it comes back asking um foreign,6.29349946975708
that's what [ __ ] you okay just give us,7.7006034553050995
what,6.129459664225578
what is going on a lot like words,7.403904944658279
hmm,2.6122549548745155
ons,3.1085001304745674
please don't take it close to your body,0.5262061487883329
kill yourself I'm not here to receive anything from you option  he said that you give me back my money now  ,0.48189572989940643
or you give me your daughter that's  the only option I'm asking for   don't don't touch me don't touch me call  this money to you yeah I'll report this  ,0.21347966976463795
morning give me that which money money for the  past three months when you were when your wife   was giving back I told you before you even  before you wanted to go do you have money you  ,0.16579633811488748
said you will manage you will go I won't have  to go and pregnant again I don't have money,0.6198705639690161
more than three months okay if I ask you to  give me the money start giving me a story  ,7.273422181606293
that option is he said that you give me the  money now or I take your only daughter how long,0.24489541538059711
three months what kind of research is that  are you insulting me so you do not I'm not  ,0.22018873132765293
a bank that I'll be saving money for you  whenever you have an issue you run to me   to come and give you the money that you  cannot refund back I don't have I'm not  ,1.6346463933587074
saying that we are not friends so just  give me your daughter let me keep it when   you give me my money yeah I refund back your  daughter to you simple it's just about my life,0.1509739551693201
okay,6.343968957662582
okay for the debt that you're holding don't say I just  can't do that they come and give me your daughter  ,0.3092705272138119
these are not sure but remember you're my friend  who's man you are my friend when you came today,6.964796036481857
I don't have money if you don't have  money is anything wrong with that baby,0.5948096048086882
peace,7.383939623832703
you lied to me oh this yes you  told me she's your little niece,0.20704467315226793
how could you,0.15065761981531978
is that why you saved someone listen yeah   was that why you kept calling me  your love awesome I'm not going to,1.6719073057174683
look like this all the investment from my  Society I still got feedback  ,7.756301760673523
so I don't know where it would be  to reclaim you start living with you,3.2955199480056763
anybody to pay back that  investment hello Madison I'm sorry,7.123306393623352
Mario I had all you said,5.101686343550682
and I'm here to know how much and how do  we pay you because I'm here to pay you back,0.4925558343529701
yes,6.636323779821396
what,6.129459664225578
when we are going through  your Mission your poverty,0.04712260561063886
so how did the money come  now yes I was a wretched boy  ,0.7981220260262489
but things are state well no need to go into all  those things like I said I want to know how much  ,8.174945414066315
her father is owing you how much is the debts and  you said you have invested in her I want you to  ,1.9098639488220215
summarize it and tell me the amount of money  you need so I can clear it here and right now,7.945224642753601
there's no uh the point going through the this  dignity because the money is too heavy but even  ,8.36460366845131
if you tell me to quantify it I can talk about in  three years why should I bother you with something,6.640432775020599
with all due respect I do not want to install,5.589033663272858
since you don't have anything to say  about your mom so excuse me I'll be back,0.11510214535519481
this doesn't sound funny to me somebody of new  value yesterday no quantity nothing it's now  ,7.67638087272644
coming to talk about clearing that on such  gargant one vehicles it's funny to me yeah,3.39365154504776
you can see that their love is unbeatable,6.261081248521805
this investment from me that make foreign,5.574866011738777
exactly the they don't even tell you  they checked the check and it's weird,6.074913218617439
I believe so my father was one of the  richest men in Lagos your father Yes this  ,7.76340439915657
was about 25 years ago then I was still little  although I lost my father and after his death  ,2.8009381145238876
his elder brother my uncle took  everything from us hey foreign,1.812327653169632
houses that was like my mother and I wretched oh,0.41418978944420815
suffered an absolutely but you see God is  good and there is nothing God cannot do yeah  ,1.910567469894886
God has answered our prayers my uncle has  returned everything he stole from my father,2.41190567612648
so this man standing before you here is  a CEO of divine bottle water you look it,0.417094212025404
not just not just that I also  have about five companies yes,8.611007034778595
to plan it all I have like um foreign,7.420402765274048
so I would advise you to use that as a little  shopping use it for your own good hey uh,0.8539702743291855
in fact that uh silver and gold abandoned but  all depressed in my family should go to you,0.5413795355707407
my heart I've fallen in love with you  it's your against the culture otherwise  ,5.7920631021261215
if you want more girls from my family  my family girls can boast your breasts if they are okay um if they  are not you carry this one okay,0.09916920680552721
um let me now seize this opportunity to also  let you know my impressions it was important,9.077642858028412
I love this beautiful lady,8.46126601099968
like to the full definition of love and peace,5.425036698579788
nobody is all the plans the dreams you had  together I want to now fulfill it and achieve it,5.690938234329224
and I also want to say it here okay I want to take  this relationship to the next level next level,7.914923131465912
until you get home don't start on  the roads to climb on top of mind,0.3140473738312721
oh let them be let them be,0.34252083860337734
to be together forever,4.373111575841904
to build this would be,7.2622500360012054
Shorts,0.3856789320707321
